MCC,MNC,Short Name,Long Name
202,1,C-OTE,GR COSMOTE
202,5,voda GR,vodafone GR
202,9,WIND,WIND GR
202,10,WIND,WIND GR
204,2,Tele2,Tele2 NL
204,4,voda NL,vodafone NL
204,8,NL KPN,NL KPN
204,12,NL Tlfrt,NL Telfort
204,16,TMO NL,T-Mobile NL
204,20,Orange,Orange NL
206,1,Proximus,Proximus
206,10,OBE,Orange B
206,20,BASE,BASE
208,1,Orange,Orange
208,2,Contact,Contact
208,9,SFR,F SFR
208,10,SFR,SFR
208,11,SFRFEMTO,SFR FEMTO
208,13,Contact,Contact
208,15,Free,Free
208,20,BYTEL,Bouygues Telecom
208,88,Contact,Contact
212,1,vala,vala
212,10,MONACO,Monaco
213,3,M-AND,ANDORRA-MOBILAND
214,1,vodafone ES,vodafone ES
214,3,Orange,Orange
214,4,YOIGO,YOIGO
214,7,Movistar,Movistar
216,1,TelenorH3G,TelenorH3G
216,30,TMO H3G,TMO H3G
216,70,voda HU3G,voda HU3G
218,3,HTERONET,HT ERONET
218,5,m:tel,m:tel
218,90,BHMOBILE,BH Mobile
219,1,HT HR,HT HR
219,2,Tele2 HR,Tele2 HR
219,10,VIP,VIP
220,1,Telenor,Telenor SRB
220,3,MTS,mt:s
220,4,TMO CG,T-Mobile CG
220,5,Vip SRB,Vip SRB
222,1,TIM,TIM
222,10,voda IT,vodafone IT
222,88,WIND,WIND
222,99,3 ITA,3 ITA
226,1,VF-RO,RO Vodafone RO
226,3,TELEKOM,TELEKOM.RO
226,5,Digi,RO Digi.Mobil
226,10,Orange,Orange
228,1,Swisscom,Swisscom
228,2,Sunrise,Sunrise
228,3,Salt,Salt
228,7,In&Phone,In&Phone
228,8,T2,CHE  Tele2 Switzerland
230,1,TMO CZ,T-Mobile CZ
230,2,O2 - CZ,O2 - CZ
230,3,Vodafone,Vodafone CZ
231,1,Orange,Orange SK
231,2,Telekom,Telekom SK
231,3,SWAN SK,SWAN SK
231,6,O2 - SK,O2 - SK
232,1,A1,A1
232,3,TMA,T-Mobile A
232,5,3 AT,3 AT
232,7,telering,telering
232,10,3 AT,3 AT
232,12,A1,A1
234,1,UK01,UK01
234,3,ATL-VOD,Airtel-Vodafone
234,7,C&W UK,Cable&Wireless UK
234,8,BTOP,BT OnePhone
234,9,PMN,PMN UK
234,10,O2 - UK,O2 - UK
234,15,voda UK,vodafone UK
234,16,Opal UK,Opal UK
234,16,TalkTalk,TalkTalk
234,20,3,3
234,28,Marathon,Marathon
234,30,EE,EE
234,33,EE,EE
234,50,JT,JT
234,55,Sure,Sure
234,58,MANX,Manx Telecom
235,94,3 UK,3 UK
238,1,TDC,TDC
238,2,TelenoDK,Telenor DK
238,6,3 DK,3 DK
238,20,Telia,Telia DK
238,66,TT DK,Telia-Telenor DK
238,77,TelenoDK,Telenor DK
240,1,TELIA,TELIA S
240,2,3 SE,3 SE
240,4,SWE,SWEDEN
240,5,Sweden3G,Sweden 3G
240,7,Tele2 SE,Tele2
240,8,TelenorS,Telenor SE
240,10,Spring,SpringMobil SE
240,24,TelenorS,Telenor SE
242,1,TELENOR,N Telenor
242,2,NetCom,N NetCom
242,3,MTU,MTU
242,14,ice.net,ice.net
244,3,DNA,FI DNA
244,5,elisa,FI elisa
244,12,DNA,FI DNA
244,14,FI AMT,FI AMT
244,21,elisa,FI elisa
244,36,SuomenYV,DNA - Sonera FI
244,91,SONERA,FI SONERA
246,1,OMT,OMNITEL LT
246,2,BITE,LT BITE GSM
246,3,Tele2 LT,Tele2 LT
247,1,LMT,LV LMT
247,2,Tele2 LV,Tele2 LV
247,5,BITE LV,BITE LV
248,1,Telia,Telia
248,2,ELISA,Elisa EE
248,3,Tele2 EE,Tele2 EE
250,1,MTS RUS,MTS RUS
250,2,MegaFon,MegaFon RUS
250,4,RUS_SCN,SIBCHALLENGE RUS
250,7,SMARTS,RUS 07
250,10,DTC,RUS DTC
250,11,YOTA,YOTA
250,13,KUGSM,RUS Kuban-GSM
250,20,Tele2,Tele2 RU
250,27,LETAI,LETAI
250,28,voda,voda
250,35,MOTIV,MOTIV
250,99,Beeline,Beeline
255,1,VODAFONE,VODAFONE
255,2,Beeline,Beeline UA
255,3,UA-KS,UA-KYIVSTAR
255,6,life:),life:)
255,7,TriMob,TriMob
257,1,VELCOM,VELCOM
257,2,MTS BY,MTS BY
257,4,life:)BY,life:) BY
259,1,Orange,Orange MD
259,2,Moldcell,Moldcell
259,4,EVENTIS,MDA EVENTIS
259,5,UNITE,UNITE
260,1,Plus,Plus
260,2,TM PL,T-Mobile.pl
260,3,Orange,Orange
260,6,Play,Play
262,1,TDG,Telekom.de
262,2,Vodafone,Vodafone.de
262,3,E-Plus,E-Plus
262,7,o2 - de,o2 - de
262,8,o2 - de,o2 - de
266,1,GIBTEL,GIBTEL
268,1,voda P,vodafone P
268,3,OPTIM,OPTIMUS
268,6,TMN,tmn
270,1,POST,POST
270,77,TANGO,L TANGO
270,99,Orange,L Orange-LU
272,1,voda IE,vodafone IE
272,2,3,3
272,3,METEOR,IRL - METEOR
272,5,3,3
274,1,SIMINN,IS SIMINN
274,2,Vodafone,Vodafone
274,4,Viking,Viking
274,8,OnWaves,IS OnWaves
274,11,NOVA,NOVA IS
274,12,TAL,IS TAL
276,1,T.al,Telekom.al
276,2,Voda AL,Voda AL
276,3,EAGLE AL,EAGLE AL
276,4,PLUS AL,PLUS AL
278,1,voda MT,vodafone MT
278,21,gomobile,go mobile
278,77,MEDITEL,MOR MEDITEL
280,1,CytaVoda,Cyta-Voda
280,10,MTN,MTN
280,20,PrimeTel,PrimeTel PLC
282,1,GCELL,GEO-GEOCELL
282,2,MAGTI,MAGTI-GSM-GEO
282,4,BEELINE,BEELINE GE
283,0,MTS Arm,ARM MTS
283,1,Beeline,Beeline AM
283,5,MTS Arm,MTS ARM
283,10,Ucom,Ucom AM
284,1,Mtel,Mtel
284,3,Vivacom,Vivacom BG
284,5,Telenor,Telenor BG
286,1,Turkcell,Turkcell
286,2,VF-TR,Vodafone TR
286,3,Turk Telekom,Turk Telekom
288,1,FT-GSM,Foroya Tele
288,2,VODAFONE,VODAFONE FO
290,1,TELE GRL,TELE Greenland
292,1,SMT,SMT
293,40,Si.mobil,Si.mobil
293,41,MOBITEL,MOBITEL
293,64,T-2,T-2
293,70,TELEMACH,TELEMACH
294,1,TMO MK,T-Mobile MK
294,3,Vip MKD,Vip MKD
295,1,Swiss FL,SwisscomFL
295,2,Salt.li,Salt.li
295,5,FL1,FL1
295,77,TANGO,LI TANGO
297,1,Telenor,Telenor
297,2,T.me,Telekom.me
297,3,MTEL,MTEL
302,64,Bell,Bell
302,68,SaskTel,CANST
302,86,TELUS,TELUS
302,220,TELUS,TELUS
302,270,Eastlink,Eastlink
302,320,Mobilici,Mobilicity
302,340,ETI,Execulink Telecom
302,350,FIRST,CANFN
302,370,Fido,Fido
302,380,KNET,KNET
302,490,Freedom,Freedom
302,500,CANVT,Videotron
302,610,Bell,Bell
302,660,MTS,MTS
302,720,ROGERS,Rogers Wireless
302,780,SaskTel,SaskTel
302,880,FastRoam,FastRoam
302,940,Wightman,Wightman
308,1,AMERIS,SPM AMERIS
310,0,NEPW,NEP Wireless
310,2,NEPW,NEP Wireless
310,9,NEPW,NEP Wireless
310,20,UnionTel,US - Union Telephone
310,26,T-Mobile,T-Mobile
310,30,AT&T,AT&T
310,31,T-Mobile,T-Mobile
310,32,IT&E,IT&E
310,40,Cellular One,Cellular One
310,46,SIMMETRY,USA SIMMETRY
310,50,JAM DC,DIGICEL
310,50,GCI,GCI
310,70,AT&T,AT&T
310,77,IWS,Iowa Wireless US
310,90,AT&T,AT&T
310,100,PLATEAU,US PLATEAU
310,110,IT&E,IT&E
310,120,Sprint,Sprint
310,140,GTA,GTA
310,150,AT&T,AT&T
310,160,T-Mobile,T-Mobile
310,170,AT&T,AT&T
310,180,WCW,West Central Wireless
310,190,D-HARBOR,USA Dutch Harbor
310,200,T-Mobile,T-Mobile
310,210,T-Mobile,T-Mobile
310,220,T-Mobile,T-Mobile
310,230,T-Mobile,T-Mobile
310,240,T-Mobile,T-Mobile
310,250,T-Mobile,T-Mobile
310,260,T-Mobile,T-Mobile
310,270,T-Mobile,T-Mobile
310,280,AT&T,AT&T
310,300,Big Sky,BigSkyUS
310,310,T-Mobile,T-Mobile
310,320,Cell,USA - CellularOne
310,330,Cell One,Cellular One
310,340,WestLink,WestLink
310,350,Carolina,Carolina Phone
310,370,DOCOMOPA,DOCOMO PACIFIC
310,380,AT&T,AT&T
310,410,AT&T,AT&T
310,450,NECCI,Cell One of NE Colorado
310,460,USA1L,USA1L
310,480,iConnect,iCONNECT ADVANCED
310,490,T-Mobile,T-Mobile
310,530,IWS,Iowa Wireless USA
310,560,AT&T,AT&T
310,570,Cell One,Cell One
310,610,EpicTouch,Epic Touch
310,630,AMERLINK,USA AmeriLink
310,660,T-Mobile,T-Mobile
310,670,W 2000 PCS,Wireless 2000 PCS
310,680,AT&T,AT&T
310,690,LMUSA,Limitless Mobile
310,700,BIGFOOT,USABIGFOOT
310,710,ASTAC,USA ASTAC
310,730,USCC,U.S.Cellular
310,740,OTZ,USA OTZ
310,760,PTSI,PTSI
310,770,IWS,Iowa Wireless USA
310,780,AirLink,AirLink PCS
310,790,Pinpoint,Pinpoint
310,800,T-Mobile,T-Mobile
310,840,telna,telna Mobile
310,880,ACSIAC,USAACSI
310,900,TXCELL,Texas Cellular
310,950,XIT,USA XIT Wireless
310,980,AT&T,AT&T
310,990,Evolve,Worldcall
311,0,Mid-Tex,USA Mid-Tex Cellular  Ltd
311,1,WILKES,Wilkes USA
311,5,WILKES,Wilkes USA
311,30,Indigo,Indigo
311,40,Commnet,USA - Commnet
311,70,EASTER,USAEC
311,73,ProxMo,USA Proximiti
311,80,PINECell,Pine Cellular
311,90,SXLP,USASXLP
311,110,HPW,High Plains
311,130,C1AMARIL,Cell One Amarillo
311,140,Sprocket,Sprocket
311,180,AT&T,AT&T
311,190,C1ECI,USAC1ECI
311,210,FARMERS,FARMERS
311,240,CWCI,USACWCI
311,250,iCAN_GSM,USA i CAN
311,260,SLO Cellular,SLO Cellular
311,310,LamarCel,Lamar Cellular
311,311,NCW,USANCW
311,330,BTW,BTW
311,360,STELERA,Stelera Wireless
311,370,GCI,GCI
311,480,Verizon,Verizon
311,530,USANW,USANW
311,540,ProxMo,USA Proximiti
311,580,USCC,U.S.Cellular
311,660,MPCS,Metro PCS
311,710,NEWN,Northeast Wireless
311,730,ProxMo,USA Proximiti
311,740,TCI,TCI
311,810,BW,Bluegrass Wireless
312,60,CvgCo,CoverageCo
312,180,LMUSA,Limitless Mobile
312,230,SRTW,SRT Wireless
312,260,USACL,USACL
312,480,Nemont,Nemont
312,630,NetGenui,NetGenuity
312,870,GigSky,GigSky
330,110,Claro,Claro
330,120,Open Mob,Open Mob PRI
332,11,Blue Sky,Blue Sky
334,3,Movistar,Movistar
334,20,TELCEL,TELCEL
334,30,TEMM,Movistar
334,50,Iusacell,Iusacell
334,90,AT&T,AT&T
338,50,Digicel,Digicel
338,70,ClaroJam,CLARO
338,180,LIME,LIME
340,1,Orange,F-Orange
340,2,SFR,SFR
340,20,DigicelF,Digicel
342,600,LIME,LIME
342,750,DIGICEL,DIGICEL
344,30,imobile,APUA imobile
344,920,LIME,LIME
344,930,Cingular,Cingular
346,140,LIME,LIME
348,170,LIME,LIME
348,570,CCTBVI,CCT Boatphone
350,0,CELLONE,CELLONE
350,2,MOBILITY,BTC MOBILITY LTD.
350,2,M3 WIRELES,M3 WIRELESS
350,10,Cingular,Cingular
352,30,DIGICEL,DIGICEL
352,110,LIME,LIME
354,860,LIME,LIME
356,110,LIME,LIME
358,50,DIGICEL,DIGICEL
358,110,LIME,LIME
360,70,DIGICEL,DIGICEL
360,110,LIME,LIME
362,51,Telcell,Telcell GSM
362,69,Digicel,Digicel
362,78,Kla,Kla
362,91,CHIPPIE,CHIPPIE
363,1,SETAR,SETAR
363,2,Digicel,AW Digicel
364,39,BTC,BTC
364,49,NewCo,NewCo2015
365,840,LIME,LIME
366,20,Cingular,Cingular
366,110,LIME,LIME
368,1,CUBACEL,CUBACEL
370,1,Orange,Orange
370,2,ClaroDOM,ClaroDOM
370,4,Viva,Viva DO
372,3,Natcom,Natcom
374,12,TSTT,TSTT
374,130,Digicel,Digicel
376,350,LIME,LIME
376,352,ICOM TCI,IslandCom TCI
400,1,Azercell,AZEAC
400,2,BAKCELL,BAKCELL AZ
400,4,Nar,AZ Nar
401,1,Beeline,Beeline KZ
401,2,Kcell,Kcell
401,7,ALTEL,ALTEL
401,77,Tele2,Tele2
402,11,B-Mobile,BT B-Mobile
402,77,TASHICEL,TASHICELL
404,1,Vodafone,Vodafone IN
404,2,airtel,IND airtel
404,3,airtel,IND airtel
404,4,IDEA,IDEA
404,5,Vodafone,Vodafone IN
404,7,IDEA,IDEA
404,9,RELIANCE,Reliance
404,10,airtel,IND airtel
404,11,Vodafone,Vodafone IN
404,12,IDEA,IDEA
404,13,Vodafone,Vodafone IN
404,14,IDEA,IDEA
404,15,Vodafone,Vodafone IN
404,16,airtel,IND airtel
404,18,RELIANCE,Reliance
404,19,IDEA,IDEA
404,20,Vodafone,Vodafone IN
404,22,IDEA,IDEA
404,24,IDEA,IDEA
404,27,Vodafone,Vodafone IN
404,30,Vodafone,Vodafone IN
404,31,airtel,IND airtel
404,34,CellOne,CellOne
404,36,RELIANCE,Reliance
404,38,CellOne,CellOne
404,40,airtel,IND airtel
404,42,AIRCEL,AIRCEL
404,43,Vodafone,Vodafone IN
404,44,IDEA,IDEA
404,45,airtel,IND airtel
404,46,Vodafone,Vodafone IN
404,49,airtel,IND airtel
404,50,RELIANCE,Reliance
404,51,CellOne,CellOne
404,52,RELIANCE,Reliance
404,53,CellOne,CellOne
404,54,CellOne,CellOne
404,55,CellOne,CellOne
404,56,IDEA,IDEA
404,57,CellOne,CellOne
404,58,CellOne,CellOne
404,59,CellOne,CellOne
404,60,Vodafone,Vodafone IN
404,62,CellOne,CellOne
404,64,CellOne,CellOne
404,66,CellOne,CellOne
404,67,RELIANCE,Reliance
404,68,DOLPHIN,IN-DOLPHIN
404,69,DOLPHIN,IN-DOLPHIN
404,70,airtel,IND airtel
404,71,CellOne,CellOne
404,72,CellOne,CellOne
404,73,CellOne,CellOne
404,74,CellOne,CellOne
404,75,CellOne,CellOne
404,76,CellOne,CellOne
404,77,CellOne,CellOne
404,78,IDEA,IDEA
404,79,CellOne,CellOne
404,80,CellOne,CellOne
404,81,CellOne,CellOne
404,82,IDEA,IDEA
404,83,Reliance,Reliance
404,84,Vodafone,Vodafone IN
404,85,RELIANCE,Reliance
404,86,Vodafone,Vodafone IN
404,87,IDEA,IDEA
404,88,Vodafone,Vodafone IN
404,89,IDEA,IDEA
404,90,airtel,IND airtel
404,91,Aircel,Aircel
404,92,airtel,IND airtel
404,93,airtel,IND airtel
404,94,airtel,IND airtel
404,95,airtel,IND airtel
404,96,airtel,IND airtel
404,97,airtel,IND airtel
404,98,airtel,IND airtel
405,1,Reliance,Reliance
405,5,Reliance,Reliance
405,6,Reliance,Reliance
405,7,Reliance,Reliance
405,9,Reliance,Reliance
405,10,Reliance,Reliance
405,11,Reliance,Reliance
405,12,Reliance,Reliance
405,13,Reliance,Reliance
405,15,Reliance,Reliance
405,18,Reliance,Reliance
405,19,Reliance,Reliance
405,20,Reliance,Reliance
405,21,Reliance,Reliance
405,22,Reliance,Reliance
405,25,TATA DO,TATA DOCOMO
405,27,TATA DO,TATA DOCOMO
405,29,TATA DO,TATA DOCOMO
405,30,TATA DO,TATA DOCOMO
405,31,TATA DO,TATA DOCOMO
405,32,TATA DO,TATA DOCOMO
405,34,TATA DO,TATA DOCOMO
405,35,TATA DO,TATA DOCOMO
405,36,TATA DO,TATA DOCOMO
405,37,TATA DO,TATA DOCOMO
405,38,TATA DO,TATA DOCOMO
405,39,TATA DO,TATA DOCOMO
405,41,TATA DO,TATA DOCOMO
405,42,TATA DO,TATA DOCOMO
405,43,TATA DO,TATA DOCOMO
405,44,TATA DO,TATA DOCOMO
405,45,TATA DO,TATA DOCOMO
405,46,TATA DO,TATA DOCOMO
405,47,TATA DO,TATA DOCOMO
405,50,RELIANCE,Reliance
405,51,airtel,IND airtel
405,52,airtel,IND airtel
405,53,airtel,IND airtel
405,54,airtel,IND airtel
405,55,airtel,IND airtel
405,56,airtel,IND airtel
405,66,Vodafone,Vodafone IN
405,67,Vodafone,Vodafone IN
405,70,IDEA,IDEA
405,750,Vodafone,Vodafone IN
405,751,Vodafone,Vodafone IN
405,752,Vodafone,Vodafone IN
405,753,Vodafone,Vodafone IN
405,754,Vodafone,Vodafone IN
405,755,Vodafone,Vodafone IN
405,756,Vodafone,Vodafone IN
405,799,IDEA,IDEA
405,800,Aircel,Aircel
405,801,Aircel,Aircel
405,802,Aircel,Aircel
405,803,Aircel,Aircel
405,804,Aircel,Aircel
405,805,Aircel,Aircel
405,806,Aircel,Aircel
405,818,Telenor,IN Telenor
405,819,Telenor,IN Telenor
405,823,VIDEOCON,VIDEOCON
405,824,VIDEOCON,VIDEOCON
405,825,VIDEOCON,VIDEOCON
405,827,VIDEOCON,VIDEOCON
405,828,VIDEOCON,VIDEOCON
405,829,VIDEOCON,VIDEOCON
405,830,VIDEOCON,VIDEOCON
405,831,VIDEOCON,VIDEOCON
405,832,VIDEOCON,VIDEOCON
405,833,VIDEOCON,VIDEOCON
405,834,VIDEOCON,VIDEOCON
405,835,VIDEOCON,VIDEOCON
405,836,VIDEOCON,VIDEOCON
405,837,VIDEOCON,VIDEOCON
405,838,VIDEOCON,VIDEOCON
405,839,VIDEOCON,VIDEOCON
405,840,JIO,IND-JIO
405,841,VIDEOCON,VIDEOCON
405,842,VIDEOCON,VIDEOCON
405,843,VIDEOCON,VIDEOCON
405,845,IDEA,IDEA
405,846,IDEA,IDEA
405,848,IDEA,IDEA
405,849,IDEA,IDEA
405,850,IDEA,IDEA
405,852,IDEA,IDEA
405,853,IDEA,IDEA
405,854,JIO,IND-JIO
405,855,JIO,IND-JIO
405,856,JIO,IND-JIO
405,857,JIO,IND-JIO
405,858,JIO,IND-JIO
405,859,JIO,IND-JIO
405,860,JIO,IND-JIO
405,861,JIO,IND-JIO
405,862,JIO,IND-JIO
405,863,JIO,IND-JIO
405,864,JIO,IND-JIO
405,865,JIO,IND-JIO
405,866,JIO,IND-JIO
405,867,JIO,IND-JIO
405,868,JIO,IND-JIO
405,869,JIO,IND-JIO
405,870,JIO,IND-JIO
405,871,JIO,IND-JIO
405,872,JIO,IND-JIO
405,873,JIO,IND-JIO
405,874,JIO,IND-JIO
405,875,Telenor,IN Telenor
405,876,Telenor,IN Telenor
405,879,Telenor,IN Telenor
405,912,etisalat,etisalat
405,913,etisalat,etisalat
405,914,etisalat,etisalat
405,915,etisalat,etisalat
405,916,etisalat,etisalat
405,917,etisalat,etisalat
405,918,etisalat,etisalat
405,919,etisalat,etisalat
405,920,etisalat,etisalat
405,921,etisalat,etisalat
405,922,etisalat,etisalat
405,923,etisalat,etisalat
405,924,etisalat,etisalat
405,927,Telenor,IN Telenor
405,929,Telenor,IN Telenor
410,1,Mobilink,Mobilink
410,3,UFONE,PK-UFONE
410,4,ZONG,ZONG
410,6,TELENOR,Telenor PK
410,7,WaridTel,WaridTel
412,1,AWCC,AF AWCC
412,20,ROSHAN,ROSHAN
412,40,MTN,MTN AF
412,50,Etisalat,Etisalat Af
413,1,Mobitel,Mobitel LK
413,2,DIALOG,DIALOG
413,3,Etisalat,SRI Etisalat
413,5,Airtel,SRI AIRTEL
413,8,Hutch,Hutch
414,1,MPTGSM,MM 900
414,5,Ooredoo,Ooredoo
414,6,TNM,Telenor
415,1,alfa,alfa
415,3,touch,touch
415,5,OM,LBN OGERO Mobile
416,1,Zain JO,Zain JO
416,3,UMNIAH,UMNIAH
416,77,OrangeJO,Orange
417,1,SYRIATEL,SYRIATEL
417,2,MTN,MTN
417,9,MOBILE,SYR MOBILE SYR
418,0,ASIACELL,ASIACELL
418,5,ASIACELL,ASIACELL
418,20,zain IQ,zain IQ
418,30,IRAQNA,IRAQNA
418,40,KOREK,KOREK
419,2,zain KW,Zain KW
419,3,Ooredoo,Ooredoo
419,4,VIVA,KT
420,1,STC,STC
420,3,Mobily,Mobily-KSA
420,4,Zain KSA,Zain KSA
421,1,SABAFON,SabaFon
421,2,MTN,MTN
421,4,Y,Y-Telecom
422,2,Omantel,Omantel
422,3,Ooredoo,Ooredoo Oman
424,2,ETISALAT,ETISALAT
424,3,du,du
425,1,Partner,Partner IL
425,2,Cellcom,Cellcom IL
425,3,PCL,IL Pelephone
425,5,JAWWAL,JAWWAL-PALESTINE
425,6,WM,PS
425,7,HOT IL,Hot Mobile Ltd.
425,28,Israel,Hot Mobile Ltd.
426,1,BATELCO,BATELCO
426,2,Zain BH,Zain BH
426,4,VIVA BH,VIVA BH
427,1,Ooredoo,Ooredoo
427,2,VF-QA,vodafone
427,2,vodafone,vodafone
428,1,Skytel,Skytel MN
428,88,UNTLMN,MONGOLIA UNITEL LLC
428,99,MobiCom,MN MobiCom
429,1,NT,Nepal Telecom
429,2,Ncell,Ncell
432,11,IR-TCI,IR-TCI
432,19,MTCE,IR MTCE
432,20,IRN 20,IRN 20
432,32,Taliya,Iran Taliya
432,35,Irancell,MTN Irancell
434,4,Beeline,Beeline UZ
434,5,Ucell,UZB Ucell
434,7,UMS,UMS-UZB
434,8,UZMOBILE,UZMOBILE
436,1,TCELL,TCELL
436,2,TCELL,TCELL
436,3,MegaFon,MegaFon TJK
436,4,Babilon,Babilon-M
436,5,BEELINE,BEELINE TJ
436,12,INDIGO-T,INDIGO-3G
437,1,Beeline,Beeline KG
437,9,O!,O!
438,1,MTS TM,MTS TM
438,2,TM CELL,TM CELL
440,0,Ymobile,Ymobile
440,10,DOCOMO,JP DOCOMO
440,20,SoftBank,SoftBank
440,50,KDDI,KDDI
440,51,KDDI,KDDI
450,5,SKT,KOR SK Telecom
450,6,LG U+,KOR LG Uplus
450,8,KT,KT
452,1,Mobifone,VN Mobifone
452,2,GPC,VN VINAPHONE
452,4,VIETTEL,VNM and VIETTEL
452,4,VIETTEL,VIETTEL
452,5,VNMOBILE,VN Vietnamobile
452,7,Gmobile,Gmobile
454,0,CSL,CSL
454,2,CSL,CSL
454,3,3(2G),3(2G)
454,3,3,3
454,4,3(2G),3(2G)
454,6,SMC HK,SmarTone HK
454,10,CSL,CSL
454,12,CMHK,China Mobile HK
454,13,CMHK,China Mobile HK
454,15,SMC HK,SmarTone HK
454,16,PCCW-HKT,PCCW-HKT
454,17,SMC HK,SmarTone HK
454,18,CSL,CSL
454,19,PCCW-HKT,PCCW-HKT
454,20,PCCW-HKT,PCCW-HKT
455,0,SMC MAC,SmarTone MAC
455,1,CTM,CTM
455,3,3 Macau,3 Macau
455,4,CTM,CTM
455,5,3 Macau,3 Macau
455,7,CT,China Telecom
456,1,Cellcard,Cellcard
456,4,CADCOMMS,CADCOMMS
456,5,SMART,SMART
456,6,SMART,SMART
456,8,Metfone,Metfone
456,11,SEATEL,KH SEATEL
457,1,LAO GSM,LAO GSM
457,2,ETLMNW,ETL MOBILE NETWORK
457,3,UNITEL,Unitel
457,8,BEELINE,BEELINE LAO
460,0,CMCC,CHINA MOBILE
460,1,UNICOM,CHN-UNICOM
460,2,CMCC,CHINA MOBILE
460,4,CMCC,CHINA MOBILE
460,7,CMCC,CHINA MOBILE
460,8,CMCC,CHINA MOBILE
460,9,UNICOM,CHN-UNICOM
460,11,CT,CHN-CT
466,1,FET,Far EasTone
466,5,GT 4G,GT 4G
466,88,KGT,KGT-Online
466,89,T Star,T Star
466,92,Chunghwa,Chunghwa Telecom
466,93,TW MOB,TWN MOBITAI
466,97,TWM,TW Mobile
466,99,TWM TAT,TWM TransAsi
467,3,SUNNET,KP SUN
467,5,KL-DPRK,Koryolink
470,1,Grameen,Grameenphone
470,2,robi,robi axiata
470,3,BL,Banglalink
470,4,bMobile,BGD bMobile
470,7,Airtel,Airtel
470,9,BIEL 4G,BGD-BIEL
472,1,DHIRAAGU,DHIRAAGU
472,2,Ooredoo,Ooredoo Maldives PVT LTD
502,0,TIME3G,TIME3G
502,1,TIME3G,TIME3G
502,12,MY MAXIS,MY MAXIS
502,13,CELCOM,MY CELCOM 3G
502,16,digi,digi
502,18,U Mobile,U Mobile
502,19,MY CELCOM,MY CELCOM
502,152,Yes,Yes
502,153,webe,webe
502,156,ALTEL,MYSALTEL
505,1,Telstra,Telstra Mobile
505,2,Optus,Optus AU
505,3,voda AU,vodafone AU
505,6,3TELSTRA,3TELSTRA
505,10,NT,Norfolk Telecom
505,71,Telstra,Telstra Mobile
505,72,Telstra,Telstra Mobile
510,1,INDOSAT,IND INDOSAT
510,8,AXIS,AXIS
510,9,SF,Smartfren
510,10,T-SEL,IND TELKOMSEL
510,21,INDOSAT,IND INDOSAT
510,28,SF,Smartfren
510,88,Bolt-ID,BoltSuper4G
510,89,3,3
514,1,TCEL,TLS-TC
514,2,TT,TLS-TT
515,1,ISLACOM,ISLACOM
515,2,GLOBE,Globe Telecom-PH
515,3,SMART,SMART
515,5,SUN,PH Sun Cellular
515,18,CURE,CURE
520,0,TH 3G+,TH 3G+
520,1,AIS,AIS
520,3,AIS,AIS
520,4,TRUE-H,TRUE-H
520,5,dtac,dtac TriNet
520,15,ACT-1900,TH ACT 1900
520,15,TOT3G,TOT3G
520,18,DTAC,TH-DTAC
525,1,Singtel,Singtel
525,2,Singtel,Singtel
525,3,M1,SGP-M1
525,5,StarHub,StarHub
525,7,CallZone,SGP Call Zone
525,8,StarHub,StarHub
528,2,PCSB,PCSB
528,11,DSTCom,BRU-DSTCom
530,1,voda NZ,vodafone NZ
530,5,Spark NZ,Spark NZ
530,24,2degrees,2degrees
537,1,bmobile,bmobile
537,2,TM,Telikom PNG
537,3,DIGICEL,DIGICEL
539,1,U-CALL,U-CALL
539,88,Digicel,Digicel Tonga
540,2,bmobile,bmobile
541,1,SMILE,VUT SMILE
541,5,Digicel,Digicel
542,1,VODAFONE,FJ VODAFONE
542,2,DIGICEL,DIGICEL
543,1,Manuia,Manuia
544,11,Blue Sky,Blue Sky
544,110,BLUESKY,Bluesky Communications
544,544,BSKY,Blue Sky Communications
546,1,MOBNCL,NCL MOBILIS
547,15,VF PF,Vodafone PF
547,20,VINI,F-VINI
548,1,KOKANET,CK KOKANET
549,0,DIGICEL,DIGICEL
549,27,Bluesky,Bluesky
550,1,FSM Tele,FSM Telecom
551,1,NTA,MH-NTA
552,1,PalauCel,PalauCel
553,1,FSM Tele,FSM Telecom
554,1,TTOK,Teletok
602,1,Orange,Orange EG
602,2,voda EG,vodafone EG
602,3,Etisalat,Etisalat
603,1,Mobilis,ALG Mobilis
603,2,Djezzy,Djezzy
603,3,Ooredoo,ooredoo Algeria
604,0,Orange,Orange MA
604,1,IAM,MOR IAM
604,2,inwi,inwi
605,1,Orange,Orange
605,2,TUNTEL,TUNISIE TELECOM
605,3,TUNISIAN,TUNISIANA
606,0,Libyana,Libyana
606,1,Al Madar,Al Madar
606,91,ALMADAR,Almadar
606,218,ALMADAR,Almadar
607,1,GAMCEL,GAMCEL
607,2,AFRICELL,AFRICELL
607,3,GMCOMIUM,GM COMIUM
607,4,QC,Qcell
608,1,ALIZE,SN ALIZE
608,2,SENTEL,SN-SENTEL SG
608,3,Expresso,SEN expresso
609,1,MATTEL,MR MATTEL
609,2,EMR,MR Expresso
609,10,MAURITEL,MAURITEL
610,1,MALITEL,MALITEL ML
610,2,OML,ORANGE ML
611,1,ORANGEGN,Orange GN
611,2,LAGUI,GN LAGUI
611,4,GNAreeba,GNMTN
611,5,Cellcom,GINCL
612,2,MOOV,MOOV CI
612,3,Orange,Orange CI
612,4,KoZ,KoZ
612,5,MTN CI,MTN CI
613,2,Airtel,Airtel
614,1,SAHELCOM,SAHELCOM
614,2,Airtel,Airtel
614,3,ETISALAT,ETISALAT NER
614,4,Orange,Orange NE
615,1,TGCELL,TG-TOGO CELL
615,3,ETISALAT,ETISALAT TOGO
616,2,ETISALAT,ETISALAT BENIN
616,3,MTNBENIN,MTN BENIN
616,4,BBCOM,BELL BENIN COMMUNICATION
616,5,GloBenin,GloBenin
617,1,CELL +,CELLPLUS-MRU
617,3,MTML,MTML
617,10,EMTEL,EMTEL-MRU
618,1,LoneStar,LBR Lonestar Cell
618,4,Novafone,Novafone 4G
618,7,Cellcom,Cellcom
619,1,Airtel,Airtel
619,2,MILLICOM,MILLICOM SL
619,5,Africell,Africell
619,7,GreenN,GreenN SL
620,1,MTN,GH MTN
620,2,Vodafone,GH Vodafone
620,3,MIC,Tigo Ghana
620,6,Airtel,Airtel
620,620,Glo Ghana,Glo Ghana
621,20,Airtel,Airtel
621,30,MTN-NG,MTN - NG
621,40,ntel,ntel
621,50,glo,Glo NG
621,60,Etisalat,Etisalat Nigeria
622,1,Airtel,Airtel
622,3,Tigo,Tigo TD
623,1,ETISALAT,ETISALAT RCA
623,2,Telecel,Telecel
623,3,Orange,Orange RCA
624,1,MTN CAM,MTN CAM
624,2,Orange,Orange CAM
624,4,Nexttel,Nexttel
625,1,CVMOVEL,CVMOVEL
625,2,UnitelT+,Unitel T+
626,1,CSTmovel,STP CSTmovel
626,2,Unitel,Unitel STP
627,3,Muni-GQ,GNQ-Muni
628,1,LIBERTIS,LIBERTIS
628,2,ETISALAT,ETISALAT GAB
628,3,Airtel,Airtel
628,4,AZUR,AZUR
629,1,Airtel,Airtel
629,10,MTN-CG,COG MTN
630,1,VODACOM,Vodacom Congo
630,2,Airtel,Airtel
630,86,Orange,Orange RDC
630,89,TIGO,TIGO DRC
630,90,AFRICELL,Africell RDC
631,2,UNITEL,UNITEL
631,4,AGOMV,MOVICEL
632,2,MTN,MTN
632,3,Orange B,Orange BS
632,7,GTM,GTM
633,1,C&W SEY,C&W SEY
633,10,Airtel,Airtel
634,1,Zain SD,Zain SDN
634,2,MTN,MTN
634,5,Vivacell,Vivacell
634,6,Zain SD,Zain SD
635,1,AR,RWAAR
635,4,AR,RWAAR
635,10,MTN,R-CELL
635,12,RWTEL,RWTEL
635,13,TIGO RW,TIGO RWANDA
635,14,Airtel,Airtel
636,1,ET-MTN,ETH MTN
637,1,Tele,SO Telesom
637,4,SOMAFONE,SOMAFONE
637,30,Golis,Som Golis
637,50,Hormuud,Hormuud Telecom
637,82,Telsom,Telsom
638,1,EVATIS,DJ EVATIS
639,2,SAF-COM,Safaricom
639,3,Airtel,Airtel
639,7,GSMTKL,GSM Telkom
640,2,TIGO,TIGO - TZ
640,3,ZANTEL,ZANTEL-TZ
640,4,VodaCom,VodaCom
640,5,Airtel,Airtel
640,9,Hits TZ,Hits TZ
641,1,Airtel,Airtel
641,10,MTN-UG,MTN-UGANDA
641,11,UTL,Uganda Telecom
641,14,AUL,Africell Uganda
641,18,suretel,Suretelcom
641,22,Airtel,Airtel
642,3,ONATEL,ONATEL BDI
642,7,SMART,SMART
642,82,BDITL,TELECEL-BDI
643,1,mCel,MOZ - mCel
643,3,MOVITEL,MOVITEL
643,4,VodaCom,VodaCom-MZ
645,1,Airtel,Airtel
645,2,MTN ZM,MTN ZM
646,1,Airtel,Airtel
646,2,OrangeMG,Orange MG
646,4,TELMA,TELMA
647,0,Orange,Orange re
647,1,MMOBILE,MAORE MOBILE
647,2,ONLY,ONLY
647,3,FREE RE,FREE MOBILE RE
648,1,NETONE,ZW NET*ONE
648,3,TELECEL,TELECEL ZW
648,4,ECONET,ZW ECONET
649,1,MTCNAM,MTC NAMIBIA
649,3,tnmobile,tnmobile
650,1,TNM,TNM
650,10,Airtel,Airtel
651,1,VODACOM,Vodacom Lesotho
651,2,ETL,LS-ETL
652,1,MASCOM,BW MASCOM
652,2,Orange,Orange
652,4,beMOBILE,beMOBILE
653,10,SwaziMTN,Swazi-MTN
654,1,HURI,HURI
654,2,COMTM,TELCO
655,1,Vodacom,Vodacom
655,2,TelkomSA,TelkomSA
655,7,Cell C,Cell C
655,10,MTN,MTN-SA
655,14,Neotel,Neotel
658,1,Sure,Sure
659,2,MTN,MTN
659,4,Vivacell,Vivacell
659,6,ZAIN SS,ZAIN SS
702,67,BTL,BTL
702,69,Smart,Smart
704,1,CLAROGTM,CLAROGTM
704,2,TIGO,TIGO
704,3,Movistar,Movistar
706,1,ClaroSLV,ClaroSLV
706,2,DIGICEL,Digicel
706,3,Tigo,Tigo SV
706,4,Movistar,Movistar
706,10,PERSONAL,ESV PERSONAL
708,1,ClaroHND,ClaroHND
708,2,TIGO,TIGOHND
708,30,HT - 200,HND
708,40,ClaroHND,ClaroHND
710,21,ClaroNIC,ClaroNIC
710,73,ClaroNIC,ClaroNIC
710,300,Movistar,Movistar
712,0,I.C.E.,I.C.E.
712,1,I.C.E.,I.C.E.
712,2,I.C.E.,I.C.E.
712,3,CLARO CR,CLARO CR
712,4,Movistar,Movistar
714,1,PANCW,+Movil - C&W PAN
714,3,CLARO PA,CLARO PA
714,4,DIGICEL,DIGICEL
714,20,Movistar,Movistar
716,6,Movistar,Movistar
716,10,ClaroPER,ClaroPER
716,15,VTP,Viettel Peru
716,17,Entel,Entel
722,7,Movistar,Movistar
722,10,TEFMVNO,AR - TEFMVNO
722,34,Personal,Personal
722,340,Personal,Personal
722,36,AR TP,AR PERSONAL
722,310,CLARO AR,CLARO AR
724,2,TIM,TIM BRA
724,3,TIM,TIM BRA
724,4,TIM,TIM BRA
724,5,Claro,Claro
724,6,VIVO,VIVO
724,8,TIM,Telecom Italia Mobile
724,10,VIVO,VIVO
724,11,VIVO,VIVO
724,15,SCTL,BRA SCTL
724,16,Oi,Oi
724,23,VIVO,VIVO
724,24,Oi,Oi
724,31,Oi,Oi
724,32,Algar,Algar Telecom
724,33,Algar,Algar Telecom
724,34,Algar,Algar Telecom
724,39,Nextel,Nextel Brasil
730,1,Entel,Entel
730,2,Movistar,Movistar
730,3,Claro,Claro
730,7,Movistar,Movistar
730,9,WOM,WOM
730,10,ENTEL,ENTEL PCS
730,730,movistar,CHL Movistar
732,101,Claro,Claro
732,103,Tigo,Tigo
732,111,Tigo,Tigo
732,123,Movistar,Movistar
732,130,Avantel,Avantel
732,187,ETB,ETB
734,2,Digitel,Digitel
734,4,movistar,movistar
734,6,MOVILNET,MOVILNET
736,1,VIVA,VIVA
736,2,EMOVIL,BOMOV
736,3,TIGO,TIGO
738,1,Digicel,Digicel
738,2,GTT+,GUY GTT + Do More
740,0,Movistar,Movistar
740,1,CLARO,CLARO
740,2,CNT,CNT
744,1,HPGYSA,HOLA PARAGUAY S.A.
744,2,CLARO PY,CLARO PY
744,4,TIGO,TIGO PY
744,5,Personal,PY Personal
746,2,TeleG,SR.TELESUR.GSM
746,3,DIGICEL,DIGICEL
748,1,Antel,Antel
748,7,Movistar,Movistar
748,10,CLARO UY,CLARO UY
750,1,Sure,Sure FLK
795,2,TM CELL,TM CELL
901,11,INX,Inmarsat
901,12,TelenorM,Telenor Maritime
901,14,AeroMob,AeroMobile
901,15,OnAir,OnAir
901,26,TIM@sea,TIM@sea
901,45,AISatSea,AISatSea
